relative_timestamp_ms,latency_ms,pose_found,rep_count,stage,representative_angle_deg,avg_confidence,keypoint_count,rolling_fps
2615,349.16,1,0,UNKNOWN,,0.063,17,0.0
2838,143.89,1,0,UNKNOWN,,0.161,17,4.5
2901,54.55,1,0,UNKNOWN,,0.041,17,7.0
2959,43.21,1,0,UNKNOWN,,0.101,17,8.7
3052,71.16,1,0,UNKNOWN,,0.075,17,9.1
3094,29.55,1,0,UNKNOWN,,0.092,17,10.4
3130,25.14,1,0,UNKNOWN,,0.031,17,11.6
3160,24.26,1,0,UNKNOWN,,0.09,17,12.8
3199,23.56,1,0,UNKNOWN,,0.042,17,13.7
3268,57.28,1,0,UNKNOWN,,0.112,17,13.8
3403,74.11,1,0,UNKNOWN,,0.038,17,12.7
3473,44.87,1,0,UNKNOWN,,0.132,17,12.8
3555,25.03,1,0,UNKNOWN,,0.042,17,12.8
3610,32.88,1,0,UNKNOWN,,0.127,17,13.1
3656,28.41,1,0,UNKNOWN,,0.054,17,15.9
3740,64.51,1,0,UNKNOWN,,0.145,17,15.5
3803,36.28,1,0,UNKNOWN,,0.073,17,15.5
4136,318.12,1,0,UNKNOWN,,0.051,17,10.2
4231,44.63,1,0,UNKNOWN,,0.148,17,9.3
4259,20.86,1,0,UNKNOWN,,0.095,17,10.1
4375,75.46,1,0,UNKNOWN,,0.039,17,10.3
4438,49.17,1,0,UNKNOWN,,0.07,17,10.4
4464,17.33,1,0,UNKNOWN,,0.086,17,11.1
4518,46.34,1,0,UNKNOWN,,0.043,17,11.4
4548,18.06,1,0,UNKNOWN,,0.085,17,12.1
4596,38.61,1,0,UNKNOWN,,0.051,17,12.2
4667,63.8,1,0,UNKNOWN,,0.096,17,11.9
4709,29.17,1,0,UNKNOWN,,0.103,17,12.4
4755,36.3,1,0,UNKNOWN,,0.074,17,12.6
4854,57.31,1,0,UNKNOWN,,0.08,17,16.7
4876,16.29,1,0,UNKNOWN,,0.148,17,17.6
4911,24.86,1,0,UNKNOWN,,0.081,17,18.1
4941,20.76,1,0,UNKNOWN,,0.157,17,18.6
4983,25.17,1,0,UNKNOWN,,0.165,17,18.9
5054,59.89,1,0,UNKNOWN,,0.203,17,18.5
5083,18.52,1,0,UNKNOWN,,0.085,17,19.0
5120,26.01,1,0,UNKNOWN,,0.174,17,19.3
5168,16.51,1,0,UNKNOWN,,0.178,17,20.3
5200,22.15,1,0,UNKNOWN,,0.084,17,20.6
5228,16.85,1,0,UNKNOWN,,0.281,17,21.1
5272,28.05,1,0,UNKNOWN,,0.205,17,22.3
5327,45.97,1,0,UNKNOWN,,0.133,17,22.1
5361,20.41,1,0,UNKNOWN,,0.231,17,22.3
5408,38.54,1,0,UNKNOWN,,0.121,17,22.7
5444,23.55,1,0,UNKNOWN,,0.076,17,22.4
5480,20.42,1,0,UNKNOWN,,0.234,17,22.9
5510,22.21,1,0,UNKNOWN,,0.234,17,23.2
5549,30.56,1,0,UNKNOWN,,0.17,17,23.1
5620,56.57,1,0,UNKNOWN,,0.116,17,23.1
5648,18.71,1,0,UNKNOWN,,0.048,17,23.4
5755,95.33,1,0,UNKNOWN,,0.286,17,23.3
5805,39.57,1,0,UNKNOWN,,0.167,17,23.1
5838,18.79,1,0,UNKNOWN,,0.11,17,23.4
5870,19.69,1,0,UNKNOWN,,0.119,17,23.1
5912,22.44,1,0,UNKNOWN,,0.069,17,22.7
5952,26.49,1,0,UNKNOWN,,0.201,17,22.7
5985,24.09,1,0,UNKNOWN,,0.19,17,23.6
6022,26.41,1,0,UNKNOWN,,0.124,17,23.8
6058,26.35,1,0,UNKNOWN,,0.053,17,23.6
6090,22.5,1,0,UNKNOWN,,0.124,17,23.7
6127,29.2,1,0,UNKNOWN,,0.108,17,24.0
6187,43.01,1,0,UNKNOWN,,0.061,17,23.3
6228,30.44,1,0,UNKNOWN,,0.061,17,23.0
6313,50.05,1,0,UNKNOWN,,0.089,17,22.3
6364,31.15,1,0,UNKNOWN,,0.179,17,22.0
6396,21.68,1,0,UNKNOWN,,0.12,17,22.3
6426,18.74,1,0,UNKNOWN,,0.073,17,22.4
6465,29.48,1,0,UNKNOWN,,0.166,17,22.3
6519,41.9,1,0,UNKNOWN,,0.124,17,21.6
6560,25.68,1,0,UNKNOWN,,0.16,17,22.3
6618,47.28,1,0,UNKNOWN,,0.101,17,22.0
6654,19.66,1,0,UNKNOWN,,0.078,17,23.4
6699,40.07,1,0,UNKNOWN,,0.149,17,23.3
6745,26.07,1,0,UNKNOWN,,0.136,17,23.2
6783,25.18,1,0,UNKNOWN,,0.09,17,23.5
6832,38.97,1,0,UNKNOWN,,0.091,17,23.1
6878,37.04,1,0,UNKNOWN,,0.08,17,22.8
6919,32.28,1,0,UNKNOWN,,0.091,17,22.8
6967,37.08,1,0,UNKNOWN,,0.086,17,22.4
7001,25.0,1,0,UNKNOWN,,0.073,17,22.5
7068,41.77,1,0,UNKNOWN,,0.121,17,21.5
7144,64.11,1,0,UNKNOWN,,0.087,17,20.9
7175,27.41,1,0,UNKNOWN,,0.134,17,21.3
7220,35.42,1,0,UNKNOWN,,0.276,17,21.2
7267,31.59,1,0,UNKNOWN,,0.235,17,22.0
7299,19.13,1,0,UNKNOWN,,0.131,17,22.3
7348,38.84,1,0,UNKNOWN,,0.237,17,22.3
7411,56.65,1,0,UNKNOWN,,0.216,17,21.3
7470,43.34,1,0,UNKNOWN,,0.123,17,21.0
7505,26.44,1,0,UNKNOWN,,0.266,17,21.3
7527,16.73,1,0,UNKNOWN,,0.246,17,21.7
7560,23.98,1,0,UNKNOWN,,0.074,17,22.0
7629,57.32,1,0,UNKNOWN,,0.053,17,21.5
7666,23.53,1,0,UNKNOWN,,0.048,17,21.7
7700,21.48,1,0,UNKNOWN,,0.071,17,22.0
7732,19.79,1,0,UNKNOWN,,0.128,17,22.3
7867,131.8,1,0,UNKNOWN,,0.309,17,20.2
7907,19.05,1,0,UNKNOWN,,0.16,17,20.2
7944,25.21,1,0,UNKNOWN,,0.138,17,20.5
7968,17.31,1,0,UNKNOWN,,0.188,17,20.7
7999,16.2,1,0,UNKNOWN,,0.219,17,21.0
8038,25.89,1,0,UNKNOWN,,0.176,17,21.6
8091,39.16,1,0,UNKNOWN,,0.181,17,22.2
8118,19.75,1,0,UNKNOWN,,0.146,17,22.6
8167,38.81,1,0,UNKNOWN,,0.109,17,22.2
8224,38.24,1,0,UNKNOWN,,0.136,17,21.9
8567,309.74,1,0,UNKNOWN,,0.089,17,14.9
8731,104.04,1,0,UNKNOWN,,0.12,17,12.0
8767,26.06,1,0,UNKNOWN,,0.454,17,13.3
8811,30.91,1,0,UNKNOWN,,0.36,17,13.8
8857,34.38,1,0,UNKNOWN,,0.385,17,14.1
8983,95.86,1,0,UNKNOWN,,0.307,17,11.2
9034,33.75,1,0,UNKNOWN,,0.357,17,11.1
9092,21.22,1,0,UNKNOWN,,0.181,17,10.3
9123,21.82,1,0,UNKNOWN,,0.218,17,10.5
9240,82.01,1,0,UNKNOWN,,0.108,17,13.4
9284,22.46,1,0,UNKNOWN,,0.097,17,14.0
9323,28.69,1,0,UNKNOWN,,0.07,17,14.6
9350,18.77,1,0,UNKNOWN,,0.101,17,15.3
9382,19.6,1,0,UNKNOWN,,0.337,17,16.0
9416,19.29,1,0,UNKNOWN,,0.348,17,16.5
9453,28.17,1,0,UNKNOWN,,0.254,17,16.9
9516,43.14,1,0,UNKNOWN,,0.167,17,16.9
9560,26.74,1,0,UNKNOWN,,0.098,17,17.1
9603,34.88,1,0,UNKNOWN,,0.064,17,19.5
9668,22.63,1,0,UNKNOWN,,0.114,17,19.2
9690,15.89,1,0,UNKNOWN,,0.477,17,19.8
9725,28.15,1,0,UNKNOWN,,0.271,17,20.1
9832,87.0,1,0,UNKNOWN,,0.325,17,18.5
9861,20.84,1,0,UNKNOWN,,0.365,17,20.5
9900,19.89,1,0,UNKNOWN,,0.321,17,20.7
9940,23.42,1,0,UNKNOWN,,0.301,17,20.9
9979,30.7,1,0,UNKNOWN,,0.205,17,21.1
10020,28.71,1,0,UNKNOWN,,0.09,17,21.3
10049,20.27,1,0,UNKNOWN,,0.113,17,21.9
10095,36.67,1,0,UNKNOWN,,0.057,17,21.6
10120,17.79,1,0,UNKNOWN,,0.117,17,22.1
10202,68.33,1,0,UNKNOWN,,0.337,17,22.8
10231,19.69,1,0,UNKNOWN,,0.415,17,23.2
10274,23.47,1,0,UNKNOWN,,0.454,17,23.2
10305,23.05,1,0,UNKNOWN,,0.42,17,23.4
10342,24.39,1,0,UNKNOWN,,0.325,17,23.2
10374,22.7,1,0,UNKNOWN,,0.21,17,23.2
10413,34.44,1,0,UNKNOWN,,0.163,17,23.1
10460,22.39,1,0,UNKNOWN,,0.15,17,23.3
10512,39.81,1,0,UNKNOWN,,0.197,17,23.1
10540,21.49,1,0,UNKNOWN,,0.197,17,23.5
10567,18.64,1,0,UNKNOWN,,0.089,17,23.8
10615,35.52,1,0,UNKNOWN,,0.169,17,24.3
10681,46.83,1,0,UNKNOWN,,0.268,17,23.2
10712,18.19,1,0,UNKNOWN,,0.428,17,23.3
10746,26.04,1,0,UNKNOWN,,0.345,17,25.2
10783,28.65,1,0,UNKNOWN,,0.234,17,25.2
10816,26.28,1,0,UNKNOWN,,0.114,17,25.4
10880,53.74,1,0,UNKNOWN,,0.049,17,24.5
10915,23.85,1,0,UNKNOWN,,0.263,17,24.6
10955,28.98,1,0,UNKNOWN,141.9,0.42,17,24.6
10984,22.86,1,0,UNKNOWN,,0.361,17,24.9
11017,21.38,1,0,UNKNOWN,,0.252,17,25.1
11055,20.16,1,0,UNKNOWN,,0.14,17,25.0
11123,50.5,1,0,UNKNOWN,,0.225,17,25.0
11152,23.29,1,0,UNKNOWN,,0.069,17,25.3
11187,27.15,1,0,UNKNOWN,,0.067,17,25.4
11233,38.98,1,0,UNKNOWN,,0.139,17,25.0
11283,29.88,1,0,UNKNOWN,,0.155,17,24.5
11318,29.9,1,0,UNKNOWN,,0.291,17,24.6
11355,21.73,1,0,UNKNOWN,,0.141,17,24.5
11409,39.84,1,0,UNKNOWN,,0.122,17,24.1
11456,35.16,1,0,UNKNOWN,,0.113,17,24.1
11482,19.45,1,0,UNKNOWN,,0.126,17,24.7
11513,24.19,1,0,UNKNOWN,,0.081,17,24.7
11542,21.69,1,0,UNKNOWN,,0.124,17,24.6
11586,33.73,1,0,DOWN,170.3,0.375,17,24.7
11639,41.41,1,0,DOWN,,0.265,17,25.1
11706,38.16,1,0,DOWN,,0.136,17,24.1
11732,20.16,1,0,DOWN,,0.109,17,24.4
11780,22.14,1,0,DOWN,,0.117,17,24.1
11805,16.73,1,0,DOWN,,0.111,17,24.3
11843,26.94,1,0,DOWN,,0.098,17,24.9
11904,50.74,1,0,DOWN,,0.119,17,24.3
11956,46.71,1,0,DOWN,,0.069,17,23.7
12015,34.46,1,0,DOWN,,0.141,17,23.0
12050,26.16,1,0,DOWN,,0.296,17,23.1
12094,35.53,1,0,DOWN,,0.322,17,23.7
12124,21.48,1,0,DOWN,,0.172,17,23.7
12151,17.35,1,0,DOWN,,0.16,17,24.0
12206,50.31,1,0,DOWN,,0.089,17,23.6
12234,19.51,1,0,DOWN,,0.06,17,24.2
12275,19.61,1,0,DOWN,,0.123,17,24.2
12332,47.81,1,0,DOWN,,0.235,17,23.5
12355,18.57,1,0,DOWN,,0.121,17,24.0
12384,18.36,1,0,DOWN,,0.036,17,24.6
12419,28.0,1,0,DOWN,,0.112,17,24.9
12451,25.95,1,0,DOWN,,0.213,17,25.1
12550,57.06,1,0,DOWN,,0.164,17,22.8
12595,30.6,1,0,DOWN,,0.151,17,23.0
12633,27.55,1,0,DOWN,,0.137,17,23.1
12664,20.61,1,0,DOWN,,0.245,17,24.0
12740,52.44,1,0,DOWN,,0.179,17,22.9
12773,23.29,1,0,DOWN,,0.118,17,23.2
12832,43.61,1,0,DOWN,,0.211,17,22.2
12871,29.07,1,0,DOWN,,0.128,17,22.8
12898,15.53,1,0,DOWN,,0.091,17,23.2
12968,58.42,1,0,DOWN,,0.123,17,23.1
12995,19.22,1,0,DOWN,,0.111,17,23.5
13032,29.43,1,0,DOWN,,0.07,17,23.4
13078,39.65,1,0,DOWN,,0.258,17,23.4
13124,22.21,1,0,DOWN,,0.411,17,23.0
13192,52.16,1,0,DOWN,,0.379,17,22.3
13235,23.11,1,0,DOWN,,0.313,17,21.9
13285,33.16,1,0,DOWN,,0.393,17,22.0
13314,18.59,1,0,DOWN,,0.441,17,22.4
13349,22.98,1,0,DOWN,175.0,0.484,17,22.1
13396,37.92,1,0,DOWN,,0.416,17,21.5
13434,25.77,1,0,DOWN,,0.386,17,21.4
13484,34.49,1,0,DOWN,,0.432,17,22.5
13532,41.31,1,0,DOWN,,0.369,17,22.4
13580,26.99,1,0,DOWN,,0.172,17,22.3
13680,85.45,1,0,DOWN,,0.191,17,21.3
13716,23.78,1,0,DOWN,,0.12,17,21.5
13748,26.38,1,0,DOWN,,0.149,17,21.5
13782,26.08,1,0,DOWN,,0.104,17,22.1
13820,30.39,1,0,DOWN,,0.092,17,22.3
13869,39.04,1,0,DOWN,,0.075,17,22.0
13900,17.09,1,0,DOWN,,0.139,17,22.5
13950,41.19,1,0,DOWN,,0.183,17,22.4
13988,27.18,1,0,DOWN,,0.231,17,22.2
14033,38.66,1,0,DOWN,,0.04,17,22.0
14067,25.98,1,0,DOWN,,0.178,17,22.2
14172,80.14,1,0,DOWN,142.6,0.43,17,21.4
14256,61.01,1,0,DOWN,,0.26,17,20.6
14320,45.27,1,0,DOWN,,0.279,17,19.6
14363,21.29,1,0,DOWN,,0.308,17,19.6
14387,18.67,1,0,DOWN,,0.176,17,20.2
14451,55.19,1,0,DOWN,,0.171,17,19.6
14510,38.44,1,0,DOWN,,0.125,17,19.4
14544,24.53,1,0,DOWN,,0.059,17,19.7
14592,31.27,1,0,DOWN,,0.151,17,20.8
14623,24.18,1,0,DOWN,,0.306,17,21.2
14666,31.57,1,0,DOWN,,0.408,17,21.3
14710,38.99,1,0,DOWN,,0.372,17,21.1
14746,21.54,1,0,DOWN,124.2,0.451,17,21.0
14779,23.04,1,0,DOWN,173.7,0.267,17,21.1
14809,22.44,1,0,DOWN,,0.134,17,21.2
14899,76.27,1,0,DOWN,,0.133,17,20.0
14941,30.52,1,0,DOWN,,0.099,17,20.2
14974,23.61,1,0,DOWN,,0.13,17,20.3
15008,24.76,1,0,DOWN,,0.125,17,20.5
15043,22.68,1,0,DOWN,,0.172,17,20.5
15074,23.15,1,0,DOWN,,0.169,17,22.2
15137,57.58,1,0,DOWN,,0.104,17,21.8
15181,24.24,1,0,DOWN,,0.096,17,22.7
15224,37.05,1,0,DOWN,,0.129,17,22.7
15249,21.43,1,0,DOWN,,0.085,17,23.2
15320,60.23,1,0,DOWN,,0.187,17,23.0
15359,27.67,1,0,DOWN,170.1,0.426,17,23.1
15405,35.2,1,0,DOWN,,0.389,17,23.1
15439,26.16,1,0,DOWN,,0.293,17,23.3
15469,21.47,1,0,DOWN,,0.243,17,24.0
15562,81.13,1,0,DOWN,,0.252,17,22.7
15588,17.23,1,0,DOWN,,0.319,17,23.1
15641,46.05,1,0,DOWN,,0.465,17,22.6
15684,32.67,1,0,DOWN,,0.168,17,22.6
15716,26.64,1,0,DOWN,,0.131,17,22.7
15774,42.3,1,0,DOWN,,0.061,17,22.1
15812,30.4,1,0,DOWN,,0.159,17,23.0
15842,20.77,1,0,DOWN,,0.144,17,23.3
15870,17.32,1,0,DOWN,,0.086,17,23.7
15919,21.82,1,0,DOWN,,0.112,17,23.5
15995,69.68,1,0,DOWN,,0.064,17,22.3
16058,48.5,1,0,DOWN,,0.078,17,21.3
16091,23.99,1,0,DOWN,,0.123,17,22.0
16121,21.6,1,0,DOWN,,0.159,17,22.4
16146,20.04,1,0,DOWN,,0.143,17,22.8
16232,62.03,1,0,DOWN,,0.159,17,21.4
16279,26.54,1,0,DOWN,,0.159,17,21.9
16322,32.74,1,0,DOWN,,0.082,17,21.8
16352,24.58,1,0,DOWN,,0.057,17,22.2
16392,32.06,1,0,DOWN,,0.164,17,22.3
16439,39.29,1,0,DOWN,,0.12,17,22.0
16475,25.76,1,0,DOWN,,0.096,17,23.0
16506,25.35,1,0,DOWN,,0.105,17,23.3
16533,19.34,1,0,DOWN,,0.097,17,23.7
16584,34.02,1,0,DOWN,,0.049,17,23.1
16619,25.09,1,0,DOWN,,0.156,17,23.5
16652,24.44,1,0,DOWN,,0.117,17,23.7
16682,19.33,1,0,DOWN,,0.157,17,24.0
16712,20.65,1,0,DOWN,,0.104,17,24.1
16776,23.79,1,0,DOWN,,0.122,17,23.9
16805,21.78,1,0,DOWN,,0.068,17,24.2
16840,16.82,1,0,DOWN,,0.184,17,24.0
16887,37.19,1,0,DOWN,,0.155,17,23.8
16934,38.8,1,0,DOWN,,0.113,17,24.5
16979,30.48,1,0,DOWN,,0.071,17,24.4
17016,30.52,1,0,DOWN,,0.154,17,25.1
17049,24.49,1,0,DOWN,,0.103,17,25.2
17079,19.57,1,0,DOWN,,0.113,17,25.3
17180,94.59,1,0,DOWN,,0.128,17,24.3
17210,19.09,1,0,DOWN,,0.159,17,24.6
17243,24.88,1,0,DOWN,,0.127,17,24.9
17279,27.44,1,0,DOWN,,0.11,17,25.0
17316,23.5,1,0,DOWN,,0.087,17,25.2
17362,32.79,1,0,DOWN,,0.147,17,24.7
17389,18.27,1,0,DOWN,,0.146,17,25.1
17455,57.44,1,0,DOWN,,0.172,17,24.5
17485,20.67,1,0,DOWN,,0.12,17,24.5
17523,31.61,1,0,DOWN,,0.121,17,24.2
17555,22.84,1,0,DOWN,,0.085,17,24.7
17603,30.28,1,0,DOWN,,0.068,17,24.4
17663,42.94,1,0,DOWN,,0.105,17,23.4
17705,30.85,1,0,DOWN,,0.154,17,23.2
17744,30.45,1,0,DOWN,,0.12,17,23.8
17780,22.08,1,0,DOWN,,0.084,17,23.6
17805,19.23,1,0,DOWN,,0.11,17,24.0
17843,27.02,1,0,DOWN,,0.115,17,24.1
17894,45.58,1,0,DOWN,,0.088,17,24.0
17923,17.28,1,0,DOWN,,0.149,17,24.3
17989,47.09,1,0,DOWN,,0.18,17,23.7
18059,46.27,1,0,DOWN,,0.157,17,22.4
18127,34.27,1,0,DOWN,,0.11,17,23.2
18177,37.82,1,0,DOWN,,0.07,17,23.1
18332,136.21,1,0,DOWN,,0.197,17,19.6
18442,68.25,1,0,DOWN,,0.234,17,18.2
18499,34.4,1,0,DOWN,,0.199,17,17.4
18532,21.52,1,0,DOWN,,0.105,17,17.4
18578,34.51,1,0,DOWN,,0.169,17,17.4
18628,39.38,1,0,DOWN,,0.122,17,17.6
18700,61.77,1,0,DOWN,,0.123,17,17.1
18728,19.69,1,0,DOWN,,0.132,17,17.3
18766,25.71,1,0,DOWN,,0.177,17,17.2
18857,66.41,1,0,DOWN,,0.121,17,15.6
18895,26.58,1,0,DOWN,,0.082,17,15.4
18943,40.45,1,0,DOWN,,0.04,17,15.7
18972,24.81,1,0,DOWN,,0.226,17,16.3
19024,36.94,1,0,DOWN,,0.211,17,16.6
19050,18.99,1,0,DOWN,,0.243,17,17.2
19137,74.75,1,0,DOWN,,0.126,17,16.7
19173,25.09,1,0,DOWN,,0.112,17,17.1
19210,29.16,1,0,DOWN,,0.129,17,19.4
19241,24.65,1,0,DOWN,,0.075,17,19.8
19349,93.24,1,0,DOWN,,0.191,17,19.8
19383,25.71,1,0,DOWN,,0.164,17,20.2
19443,47.75,1,0,DOWN,,0.124,17,20.1
19487,34.97,1,0,DOWN,,0.158,17,20.2
19536,40.27,1,0,DOWN,,0.121,17,19.9
19568,24.19,1,0,DOWN,,0.087,17,20.2
19630,52.16,1,0,DOWN,,0.081,17,20.4
19656,17.23,1,0,DOWN,,0.135,17,20.9
19695,32.51,1,0,DOWN,,0.128,17,21.1
19728,20.63,1,0,DOWN,,0.104,17,21.0
19764,24.25,1,0,DOWN,,0.087,17,21.0
19820,28.01,1,0,DOWN,,0.097,17,21.8
19847,23.22,1,0,DOWN,,0.11,17,22.2
19915,41.22,1,0,DOWN,,0.063,17,21.6
19967,41.02,1,0,DOWN,,0.102,17,21.1
19999,24.36,1,0,DOWN,,0.13,17,21.5
20028,19.23,1,0,DOWN,,0.092,17,21.5
20057,20.69,1,0,DOWN,,0.144,17,22.8
20118,37.12,1,0,DOWN,,0.098,17,22.4
20141,18.45,1,0,DOWN,,0.101,17,22.7
20174,21.15,1,0,DOWN,,0.155,17,22.8
20196,17.66,1,0,DOWN,,0.11,17,23.3
20280,65.52,1,0,DOWN,,0.215,17,23.6
20327,27.65,1,0,DOWN,,0.094,17,23.5
20366,29.77,1,0,DOWN,,0.134,17,23.4
20408,30.21,1,0,DOWN,,0.137,17,23.8
20442,23.82,1,0,DOWN,,0.177,17,24.0
20483,31.75,1,0,DOWN,,0.117,17,24.1
20575,85.17,1,0,DOWN,,0.17,17,23.3
20616,33.34,1,0,DOWN,,0.148,17,23.3
20649,22.18,1,0,DOWN,,0.223,17,23.2
20675,19.85,1,0,DOWN,,0.197,17,23.5
20709,26.07,1,0,DOWN,,0.17,17,23.4
20738,19.87,1,0,DOWN,,0.165,17,23.6
20823,74.16,1,0,DOWN,,0.184,17,22.5
20863,23.01,1,0,DOWN,,0.264,17,23.2
20885,16.98,1,0,DOWN,,0.136,17,23.7
20940,44.09,1,0,DOWN,,0.155,17,23.6
20967,17.53,1,0,DOWN,,0.124,17,24.0
21007,25.06,1,0,DOWN,,0.099,17,23.5
21044,26.32,1,0,DOWN,,0.148,17,23.3
21080,26.21,1,0,DOWN,,0.1,17,23.9
21114,26.33,1,0,DOWN,,0.128,17,24.1
21160,31.85,1,0,DOWN,,0.104,17,23.3
21186,18.57,1,0,DOWN,,0.085,17,23.2
21217,23.1,1,0,DOWN,,0.131,17,24.5
21252,30.35,1,0,DOWN,,0.118,17,24.7
21299,39.33,1,0,DOWN,,0.13,17,24.7
21382,69.93,1,0,DOWN,,0.102,17,23.6
21410,21.12,1,0,DOWN,,0.088,17,23.8
21442,22.37,1,0,DOWN,,0.209,17,24.0
21468,18.88,1,0,DOWN,,0.177,17,24.4
21499,17.69,1,0,DOWN,,0.068,17,25.9
21527,17.64,1,0,DOWN,,0.18,17,26.2
21595,56.65,1,0,DOWN,,0.215,17,25.5
21631,24.92,1,0,DOWN,,0.111,17,25.5
21663,22.31,1,0,DOWN,,0.123,17,25.3
21688,17.79,1,0,DOWN,,0.144,17,25.5
21750,50.12,1,0,DOWN,,0.194,17,25.9
21795,35.12,1,0,DOWN,,0.136,17,25.7
21841,25.71,1,0,DOWN,,0.209,17,25.6
21916,56.23,1,0,DOWN,,0.157,17,24.6
21949,24.68,1,0,DOWN,,0.21,17,24.4
21977,22.02,1,0,DOWN,,0.167,17,24.7
21999,17.26,1,0,DOWN,,0.105,17,25.2
22058,48.46,1,0,DOWN,,0.129,17,24.5
22084,18.97,1,0,DOWN,,0.112,17,24.7
22113,23.71,1,0,DOWN,,0.143,17,25.0
22145,21.59,1,0,DOWN,,0.108,17,25.4
22186,33.35,1,0,DOWN,,0.118,17,25.0
22235,36.33,1,0,DOWN,,0.15,17,24.4
22285,43.22,1,0,DOWN,,0.101,17,24.3
22323,28.3,1,0,DOWN,,0.078,17,25.5
22369,37.98,1,0,DOWN,,0.189,17,25.4
22405,19.31,1,0,DOWN,,0.408,17,25.1
22433,20.54,1,0,DOWN,,0.431,17,25.2
22488,39.58,1,0,DOWN,159.9,0.364,17,24.3
22519,24.25,1,0,DOWN,,0.239,17,24.2
22548,20.95,1,0,DOWN,,0.171,17,25.2
22577,22.65,1,0,DOWN,,0.156,17,25.5
22613,21.02,1,0,DOWN,,0.123,17,25.5
22722,100.93,1,0,DOWN,,0.061,17,23.7
22800,21.06,1,0,DOWN,,0.227,17,22.9
22829,20.12,1,0,DOWN,,0.369,17,23.3
22879,21.29,1,0,DOWN,,0.263,17,23.9
22909,22.6,1,0,DOWN,,0.153,17,24.2
22936,16.94,1,0,DOWN,,0.091,17,24.3
22973,28.9,1,0,DOWN,,0.337,17,24.1
22999,20.88,1,0,DOWN,,0.317,17,24.0
23027,18.69,1,0,DOWN,,0.288,17,24.8
23048,16.72,1,0,DOWN,,0.275,17,25.3
23091,36.83,1,0,DOWN,,0.151,17,24.5
23127,23.25,1,0,DOWN,,0.18,17,24.4
23154,19.58,1,0,DOWN,,0.141,17,24.8
23187,20.1,1,0,DOWN,,0.265,17,25.2
23217,20.51,1,0,DOWN,,0.155,17,25.5
23242,17.17,1,0,DOWN,,0.227,17,26.1
23334,81.95,1,0,DOWN,,0.208,17,24.8
23384,38.81,1,0,DOWN,,0.255,17,24.5
23459,57.88,1,0,DOWN,,0.122,17,23.7
23547,81.3,1,0,DOWN,,0.255,17,22.0
23605,50.04,1,0,DOWN,,0.101,17,21.2
23632,20.54,1,0,DOWN,,0.176,17,23.1
23675,31.51,1,0,DOWN,,0.246,17,23.1
23700,16.36,1,0,DOWN,,0.292,17,23.5
23727,18.77,1,0,DOWN,,0.311,17,24.8
23775,35.38,1,0,DOWN,,0.115,17,24.6
23817,30.47,1,0,DOWN,,0.367,17,24.3
23850,22.14,1,0,DOWN,,0.127,17,24.7
23909,44.08,1,0,DOWN,,0.125,17,24.0
23954,35.85,1,0,DOWN,,0.098,17,23.4
23999,33.4,1,0,DOWN,,0.124,17,23.0
24043,31.8,1,0,DOWN,,0.103,17,22.1
24069,16.56,1,0,DOWN,,0.083,17,22.5
24131,47.55,1,0,DOWN,,0.284,17,21.5
24159,18.34,1,0,DOWN,,0.204,17,21.6
24195,28.88,1,0,DOWN,,0.134,17,21.5
24224,18.97,1,0,DOWN,,0.105,17,21.4
24250,16.79,1,0,DOWN,,0.163,17,22.9
24354,95.15,1,0,DOWN,,0.195,17,21.6
24383,19.01,1,0,DOWN,,0.19,17,22.0
24419,28.0,1,0,DOWN,,0.177,17,22.9
24450,23.56,1,0,DOWN,,0.136,17,23.2
24487,27.8,1,0,DOWN,,0.203,17,24.5
24544,45.33,1,0,DOWN,,0.205,17,24.1
24587,30.73,1,0,DOWN,,0.142,17,24.4
24635,41.6,1,0,DOWN,,0.136,17,24.0
24691,22.07,1,0,DOWN,,0.109,17,23.2
24727,32.29,1,0,DOWN,,0.166,17,23.0
24767,33.18,1,0,DOWN,,0.119,17,23.2
24811,32.83,1,0,DOWN,,0.118,17,23.1
24844,25.19,1,0,DOWN,,0.12,17,23.1
24886,31.74,1,0,DOWN,,0.174,17,23.5
24946,32.68,1,0,DOWN,,0.115,17,23.2
24977,23.74,1,0,DOWN,,0.128,17,23.5
25004,17.73,1,0,DOWN,,0.155,17,23.9
25077,54.59,1,0,DOWN,,0.128,17,23.3
25115,17.2,1,0,DOWN,,0.134,17,23.4
25166,46.13,1,0,DOWN,,0.137,17,22.7
25209,23.54,1,0,DOWN,,0.175,17,22.3
25308,94.23,1,0,DOWN,,0.167,17,22.0
25344,24.48,1,0,DOWN,,0.144,17,22.2
25428,69.36,1,0,DOWN,,0.146,17,20.4
25487,36.59,1,0,DOWN,,0.194,17,20.0
25539,44.84,1,0,DOWN,,0.203,17,20.1
25580,29.73,1,0,DOWN,,0.164,17,20.1
25616,26.15,1,0,DOWN,,0.171,17,20.4
25663,39.13,1,0,DOWN,,0.194,17,20.6
25692,17.62,1,0,DOWN,,0.191,17,20.7
25736,33.28,1,0,DOWN,,0.268,17,20.6
25764,21.24,1,0,DOWN,,0.067,17,21.1
25806,37.05,1,0,DOWN,,0.1,17,21.1
25842,28.63,1,0,DOWN,,0.157,17,21.0
25867,16.65,1,0,DOWN,,0.179,17,21.4
25970,97.02,1,0,DOWN,,0.128,17,20.2
26007,19.52,1,0,DOWN,,0.15,17,20.4
26048,31.2,1,0,DOWN,,0.18,17,20.6
26073,16.73,1,0,DOWN,,0.14,17,21.1
26142,54.28,1,0,DOWN,,0.274,17,20.5
26183,31.97,1,0,DOWN,,0.238,17,20.5
26222,32.67,1,0,DOWN,,0.249,17,21.9
26320,94.91,1,0,DOWN,,0.172,17,20.5
26353,26.52,1,0,DOWN,,0.224,17,21.6
26382,21.65,1,0,DOWN,,0.247,17,22.0
26443,55.55,1,0,DOWN,,0.316,17,22.0
26469,16.32,1,0,DOWN,,0.162,17,22.4
26536,50.88,1,0,DOWN,,0.164,17,22.1
26560,16.48,1,0,DOWN,,0.144,17,22.4
26588,20.85,1,0,DOWN,,0.215,17,22.6
26620,28.18,1,0,DOWN,,0.142,17,23.0
26647,21.03,1,0,DOWN,,0.219,17,23.4
26695,43.71,1,0,DOWN,,0.261,17,22.9
26723,17.78,1,0,DOWN,,0.134,17,23.3
26811,79.96,1,0,DOWN,,0.191,17,21.7
26844,22.43,1,0,DOWN,,0.14,17,21.5
26873,17.77,1,0,DOWN,,0.162,17,23.2
26907,21.94,1,0,DOWN,,0.106,17,23.5
26949,31.07,1,0,DOWN,,0.108,17,23.5
26993,30.39,1,0,DOWN,,0.084,17,23.3
27051,40.24,1,0,DOWN,,0.136,17,22.5
27084,20.7,1,0,DOWN,,0.095,17,23.4
27151,58.21,1,0,DOWN,,0.092,17,22.7
27185,20.82,1,0,DOWN,,0.105,17,22.8
27216,24.31,1,0,DOWN,,0.112,17,23.1
27240,18.4,1,0,DOWN,,0.12,17,25.0
27304,45.64,1,0,DOWN,,0.107,17,24.4
27340,25.36,1,0,DOWN,,0.056,17,24.3
27407,48.93,1,0,DOWN,,0.187,17,23.9
27459,25.31,1,0,DOWN,,0.115,17,23.2
27532,60.89,1,0,DOWN,,0.132,17,23.1
27569,22.23,1,0,DOWN,,0.132,17,22.4
27614,38.31,1,0,DOWN,,0.097,17,22.1
27637,17.41,1,0,DOWN,,0.097,17,22.2
27706,54.35,1,0,DOWN,,0.143,17,21.4
27752,39.54,1,0,DOWN,,0.093,17,22.3
27798,39.56,1,0,DOWN,,0.087,17,22.3
27832,21.85,1,0,DOWN,,0.118,17,22.3
27860,18.25,1,0,DOWN,,0.135,17,22.3
27893,23.63,1,0,DOWN,,0.258,17,22.3
27924,23.24,1,0,DOWN,,0.064,17,22.6
27965,30.36,1,0,DOWN,,0.168,17,22.6
28002,25.01,1,0,DOWN,,0.146,17,23.1
28049,31.95,1,0,DOWN,,0.14,17,23.0
28108,43.66,1,0,DOWN,,0.12,17,23.0
28140,22.28,1,0,DOWN,,0.129,17,23.3
28192,48.75,1,0,DOWN,,0.115,17,22.5
28219,20.78,1,0,DOWN,,0.113,17,22.5
28251,23.09,1,0,DOWN,,0.118,17,23.2
28284,26.28,1,0,DOWN,,0.088,17,23.5
28337,47.08,1,0,DOWN,,0.182,17,23.1
28375,18.58,1,0,DOWN,,0.115,17,23.8
28399,19.54,1,0,DOWN,,0.134,17,24.2
28427,20.84,1,0,DOWN,,0.126,17,24.8
28480,37.3,1,0,DOWN,,0.138,17,25.3
28506,19.72,1,0,DOWN,,0.147,17,25.7
28531,20.55,1,0,DOWN,,0.117,17,26.0
28606,66.6,1,0,DOWN,,0.104,17,25.2
28651,34.62,1,0,DOWN,,0.143,17,25.4
28689,24.68,1,0,DOWN,,0.128,17,25.4
28721,25.77,1,0,DOWN,,0.127,17,25.8
28753,24.83,1,0,DOWN,,0.105,17,26.2
28784,21.38,1,0,DOWN,,0.163,17,26.4
28815,24.24,1,0,DOWN,,0.135,17,26.4
28854,28.72,1,0,DOWN,,0.101,17,26.2
28893,30.86,1,0,DOWN,,0.16,17,26.0
28929,25.25,1,0,DOWN,,0.175,17,25.9
29009,41.91,1,0,DOWN,,0.108,17,25.0
29099,41.7,1,0,DOWN,,0.111,17,24.2
29131,27.38,1,0,DOWN,,0.259,17,24.2
29160,18.87,1,0,DOWN,,0.193,17,24.8
29215,45.42,1,0,DOWN,,0.182,17,24.1
29240,18.14,1,0,DOWN,,0.207,17,24.3
29281,32.34,1,0,DOWN,,0.276,17,24.1
29320,30.23,1,0,DOWN,,0.368,17,24.4
29349,18.86,1,0,DOWN,,0.168,17,24.6
29391,26.29,1,0,DOWN,,0.105,17,24.2
29417,19.28,1,0,DOWN,,0.059,17,24.3
29447,19.31,1,0,DOWN,,0.103,17,24.8
29505,48.41,1,0,DOWN,,0.144,17,24.0
29549,35.9,1,0,DOWN,,0.104,17,24.4
29577,22.36,1,0,DOWN,,0.159,17,24.7
29618,32.51,1,0,DOWN,,0.077,17,24.8
29661,36.03,1,0,DOWN,,0.099,17,24.7
29732,53.62,1,0,DOWN,,0.195,17,23.5
29812,69.69,1,0,DOWN,,0.272,17,22.1
29863,33.84,1,0,DOWN,,0.135,17,21.6
29891,20.45,1,0,DOWN,,0.095,17,22.0
29932,30.99,1,0,DOWN,,0.128,17,22.7
29955,16.91,1,0,DOWN,,0.179,17,23.2
30008,17.62,1,0,DOWN,,0.225,17,23.0
30080,58.62,1,0,DOWN,,0.16,17,23.4
30115,17.4,1,0,DOWN,,0.214,17,23.4
30147,24.71,1,0,DOWN,,0.166,17,23.3
30179,23.21,1,0,DOWN,,0.186,17,23.9
30205,18.89,1,0,DOWN,,0.182,17,24.2
30233,19.22,1,0,DOWN,,0.146,17,24.2
30276,34.88,1,0,DOWN,,0.205,17,24.1
30307,21.28,1,0,DOWN,,0.145,17,24.3
30369,40.59,1,0,DOWN,,0.163,17,23.5
30404,20.17,1,0,DOWN,,0.236,17,23.3
30431,19.74,1,0,DOWN,,0.221,17,23.4
30586,135.33,1,0,DOWN,,0.168,17,20.7
30634,38.02,1,0,DOWN,,0.102,17,20.6
30660,16.52,1,0,DOWN,,0.208,17,21.0
30707,36.59,1,0,DOWN,,0.25,17,21.6
30733,20.19,1,0,DOWN,,0.183,17,22.8
30822,80.46,1,0,DOWN,,0.245,17,21.9
30869,36.97,1,0,DOWN,,0.28,17,21.5
30894,18.44,1,0,DOWN,,0.154,17,21.8
30920,19.38,1,0,DOWN,,0.17,17,22.3
30983,47.96,1,0,DOWN,,0.159,17,21.5
31004,16.52,1,0,DOWN,,0.077,17,22.1
31051,40.19,1,0,DOWN,,0.098,17,22.7
31082,21.08,1,0,DOWN,,0.057,17,22.8
31125,25.73,1,0,DOWN,,0.135,17,22.5
31149,17.01,1,0,DOWN,,0.264,17,22.7
31205,49.98,1,0,DOWN,,0.321,17,22.0
31232,22.69,1,0,DOWN,,0.116,17,22.0
31257,17.64,1,0,DOWN,,0.051,17,22.4
31287,21.61,1,0,DOWN,,0.186,17,22.4
31324,29.53,1,0,DOWN,,0.152,17,23.1
31345,17.2,1,0,DOWN,,0.181,17,23.6
31379,20.54,1,0,DOWN,,0.082,17,23.6
31447,50.59,1,0,DOWN,,0.175,17,25.6
31477,19.68,1,0,DOWN,,0.13,17,25.8
31547,53.64,1,0,DOWN,,0.075,17,25.0
31596,38.15,1,0,DOWN,,0.163,17,25.0
31628,19.09,1,0,DOWN,,0.154,17,25.2
31661,23.03,1,0,DOWN,,0.091,17,25.1
31708,36.61,1,0,DOWN,,0.216,17,24.6
31758,38.79,1,0,DOWN,,0.227,17,25.6
31816,53.72,1,0,DOWN,,0.179,17,25.2
31848,18.61,1,0,DOWN,,0.151,17,25.5
31879,24.91,1,0,DOWN,,0.097,17,25.4
31900,16.27,1,0,DOWN,,0.093,17,25.5
31965,50.12,1,0,DOWN,,0.071,17,25.5
31997,21.34,1,0,DOWN,,0.224,17,25.2
32034,29.92,1,0,DOWN,,0.251,17,25.4
32064,18.68,1,0,DOWN,,0.205,17,25.5
32092,18.45,1,0,DOWN,,0.185,17,25.9
32129,20.48,1,0,DOWN,,0.23,17,25.5
32192,56.53,1,0,DOWN,,0.105,17,25.3
32225,21.07,1,0,DOWN,,0.082,17,25.2
32264,31.68,1,0,DOWN,,0.216,17,24.6
32291,18.97,1,0,DOWN,,0.204,17,24.8
32321,20.06,1,0,DOWN,,0.184,17,25.1
32358,23.59,1,0,DOWN,,0.123,17,24.5
32436,58.7,1,0,DOWN,,0.102,17,24.2
32470,23.57,1,0,DOWN,,0.09,17,24.2
32498,17.44,1,0,DOWN,,0.212,17,25.2
32529,18.86,1,0,DOWN,,0.23,17,25.5
32554,16.59,1,0,DOWN,,0.18,17,26.1
32599,32.97,1,0,DOWN,,0.191,17,25.7
32629,20.97,1,0,DOWN,,0.126,17,25.8
32683,40.43,1,0,DOWN,,0.148,17,25.6
32716,21.75,1,0,DOWN,,0.135,17,26.1
32744,18.68,1,0,DOWN,,0.087,17,26.4
32781,29.14,1,0,DOWN,,0.258,17,27.0
32817,30.14,1,0,DOWN,,0.207,17,26.8
32880,51.84,1,0,DOWN,,0.181,17,25.5
32926,38.16,1,0,DOWN,,0.184,17,26.0
32950,17.46,1,0,DOWN,,0.233,17,26.4
32975,20.11,1,0,DOWN,,0.19,17,26.6
33014,30.5,1,0,DOWN,,0.136,17,26.5
33041,19.95,1,0,DOWN,,0.075,17,26.6
33094,45.37,1,0,DOWN,,0.226,17,25.9
33137,26.63,1,0,DOWN,,0.19,17,26.5
33210,49.13,1,0,DOWN,,0.144,17,25.4
33234,16.5,1,0,DOWN,,0.143,17,25.8
33264,25.0,1,0,DOWN,,0.086,17,26.0
33299,27.89,1,0,DOWN,,0.095,17,25.6
33358,52.84,1,0,DOWN,,0.071,17,25.0
33407,39.59,1,0,DOWN,,0.155,17,25.7
33430,17.15,1,0,DOWN,,0.176,17,26.2
33458,21.15,1,0,DOWN,,0.144,17,26.3
33490,19.2,1,0,DOWN,,0.207,17,26.2
33510,16.04,1,0,DOWN,,0.12,17,26.5
33571,43.35,1,0,DOWN,,0.177,17,25.7
33632,40.68,1,0,DOWN,,0.098,17,25.3
33684,32.53,1,0,DOWN,,0.14,17,24.8
33748,48.64,1,0,DOWN,,0.074,17,23.8
33771,16.2,1,0,DOWN,,0.134,17,24.2
33832,49.13,1,0,DOWN,,0.18,17,24.2
33858,19.97,1,0,DOWN,,0.12,17,24.5
33884,17.99,1,0,DOWN,,0.065,17,25.1
33926,34.26,1,0,DOWN,,0.127,17,25.0
33949,17.59,1,0,DOWN,,0.199,17,25.0
33986,19.5,1,0,DOWN,,0.096,17,24.7
34026,27.41,1,0,DOWN,,0.096,17,24.4
34066,31.02,1,0,DOWN,,0.215,17,24.7
34149,55.52,1,0,DOWN,,0.148,17,24.5
34207,39.6,1,0,DOWN,,0.133,17,24.1
34228,17.58,1,0,DOWN,,0.215,17,24.1
34300,65.53,1,0,DOWN,,0.305,17,23.4
34326,19.65,1,0,DOWN,162.0,0.433,17,23.8
34367,36.26,1,0,DOWN,111.1,0.43,17,24.0
34432,45.85,1,0,DOWN,118.4,0.491,17,22.6
34467,25.71,1,0,DOWN,,0.208,17,22.5
34509,35.36,1,0,DOWN,,0.287,17,22.0
34547,29.5,1,0,DOWN,,0.218,17,22.5
34576,19.61,1,0,DOWN,,0.118,17,23.3
34629,40.01,1,0,DOWN,,0.1,17,23.1
34659,22.54,1,0,DOWN,,0.157,17,23.6
34695,27.08,1,0,DOWN,,0.113,17,24.3
34718,18.59,1,0,DOWN,,0.102,17,24.8
34751,24.72,1,0,DOWN,,0.113,17,24.5
34863,34.04,1,0,DOWN,,0.089,17,22.5
34885,16.14,1,0,DOWN,,0.053,17,23.0
34958,64.23,1,0,DOWN,,0.299,17,21.6
34984,17.83,1,0,DOWN,,0.213,17,22.0
35008,17.69,1,0,DOWN,,0.174,17,22.4
35063,37.01,1,0,DOWN,,0.124,17,22.1
35103,34.99,1,0,DOWN,,0.16,17,23.1
35129,20.07,1,0,DOWN,,0.439,17,23.5
35164,23.32,1,0,DOWN,,0.434,17,24.1
35204,25.9,1,0,DOWN,,0.368,17,24.1
35231,17.96,1,0,DOWN,,0.401,17,24.7
35264,20.44,1,0,DOWN,,0.418,17,24.9
35300,30.15,1,0,DOWN,,0.416,17,25.0
35333,23.19,1,0,DOWN,,0.353,17,24.9
35383,34.05,1,0,DOWN,,0.374,17,25.2
35411,18.69,1,0,DOWN,,0.346,17,25.5
35480,43.4,1,0,DOWN,,0.322,17,24.7
35503,17.1,1,0,DOWN,,0.216,17,25.2
35567,49.54,1,0,DOWN,,0.229,17,24.2
35586,15.25,1,0,DOWN,,0.432,17,25.1
35681,85.36,1,0,DOWN,,0.349,17,23.3
35713,22.51,1,0,DOWN,,0.377,17,23.1
35756,32.66,1,0,DOWN,,0.424,17,24.6
35785,16.97,1,0,DOWN,128.3,0.436,17,25.0
35827,31.24,1,0,DOWN,,0.415,17,24.9
35869,31.69,1,0,DOWN,,0.489,17,24.4
35899,23.45,1,0,DOWN,,0.405,17,25.5
35926,20.67,1,0,DOWN,117.3,0.388,17,25.8
35981,43.67,1,0,DOWN,,0.401,17,25.1
36027,34.25,1,0,DOWN,51.4,0.417,17,24.9
36059,24.25,1,0,DOWN,151.9,0.403,17,25.1
36097,30.82,1,0,DOWN,,0.395,17,25.2
36164,62.52,1,0,DOWN,164.8,0.396,17,24.0
36208,20.07,1,0,DOWN,,0.421,17,23.6
36247,35.53,1,0,DOWN,175.5,0.43,17,23.4
36280,24.17,1,0,DOWN,,0.331,17,23.5
36408,121.31,1,0,DOWN,177.9,0.455,17,21.1
36460,36.51,1,0,DOWN,,0.371,17,21.4
36495,26.07,1,0,DOWN,,0.301,17,21.2
36539,33.16,1,0,DOWN,,0.394,17,21.6
36568,17.9,1,0,DOWN,,0.447,17,22.0
36591,18.82,1,0,DOWN,,0.458,17,23.1
36625,23.89,1,0,DOWN,,0.203,17,23.3
36697,33.28,1,0,DOWN,,0.271,17,22.4
36743,29.37,1,0,DOWN,,0.227,17,22.3
36795,43.45,1,0,DOWN,,0.095,17,21.7
36827,19.27,1,0,DOWN,,0.054,17,22.0
36859,23.93,1,0,DOWN,,0.211,17,22.2
36883,18.05,1,0,DOWN,,0.19,17,22.4
36921,20.41,1,0,DOWN,,0.184,17,22.1
36976,46.25,1,0,DOWN,,0.176,17,22.1
37008,22.62,1,0,DOWN,,0.171,17,22.4
37075,52.4,1,0,DOWN,,0.18,17,21.5
37112,32.73,1,0,DOWN,,0.054,17,22.2
37140,20.38,1,0,DOWN,,0.303,17,22.5
37171,23.0,1,0,DOWN,178.6,0.362,17,22.8
37220,30.12,1,0,DOWN,165.4,0.471,17,22.6
37272,43.85,1,0,DOWN,169.8,0.487,17,22.2
37309,22.28,1,0,DOWN,177.1,0.548,17,24.4
37358,24.72,1,0,DOWN,162.6,0.417,17,24.2
37395,26.59,1,0,DOWN,161.6,0.485,17,24.3
37467,56.27,1,0,DOWN,,0.532,17,23.7
37503,27.23,1,0,DOWN,168.6,0.495,17,23.9
37549,32.82,1,0,DOWN,174.1,0.511,17,23.4
37582,29.16,1,0,DOWN,179.8,0.52,17,23.2
37631,40.41,1,0,DOWN,,0.251,17,23.6
37671,28.48,1,0,DOWN,103.7,0.488,17,23.6
37710,29.27,1,0,DOWN,137.1,0.49,17,23.8
37763,47.4,1,0,DOWN,,0.341,17,23.8
37792,18.95,1,0,DOWN,,0.334,17,24.1
37819,20.26,1,0,DOWN,,0.261,17,24.2
37844,19.59,1,0,DOWN,,0.306,17,24.4
37908,45.7,1,0,DOWN,,0.211,17,23.3
37940,25.06,1,0,DOWN,,0.253,17,23.8
37968,24.96,1,0,DOWN,,0.312,17,24.2
37997,22.59,1,0,DOWN,,0.446,17,24.3
38016,15.69,1,0,DOWN,,0.409,17,25.5
38075,47.85,1,0,DOWN,,0.387,17,25.0
38103,19.38,1,0,DOWN,,0.32,17,25.2
38159,46.01,1,0,DOWN,158.6,0.478,17,24.3
38193,25.64,1,0,DOWN,,0.364,17,24.7
38240,31.31,1,0,DOWN,66.1,0.452,17,24.8
38273,29.42,1,0,DOWN,45.0,0.455,17,24.9
38313,25.83,1,0,DOWN,,0.369,17,25.1
38352,32.34,1,0,DOWN,,0.482,17,25.2
38389,18.56,1,0,DOWN,,0.421,17,25.2
38428,29.24,1,0,DOWN,,0.371,17,26.0
38463,25.89,1,0,DOWN,,0.351,17,26.1
38500,32.46,1,0,DOWN,,0.441,17,26.1
38532,24.56,1,0,DOWN,,0.467,17,26.4
38563,22.36,1,0,DOWN,,0.411,17,26.5
38592,22.66,1,0,DOWN,,0.309,17,27.1
38632,32.45,1,0,DOWN,,0.331,17,27.0
38660,20.49,1,0,DOWN,,0.299,17,27.3
38695,27.82,1,0,DOWN,,0.279,17,27.4
38727,23.92,1,0,DOWN,,0.259,17,28.0
38793,58.03,1,0,DOWN,,0.306,17,26.7
38823,19.68,1,0,DOWN,,0.393,17,26.6
38901,72.78,1,0,DOWN,,0.462,17,26.2
38935,25.33,1,0,DOWN,,0.498,17,26.1
38982,38.8,1,0,DOWN,,0.54,17,25.4
39014,22.96,1,0,DOWN,,0.481,17,25.1
39080,57.49,1,0,DOWN,150.8,0.369,17,24.6
39114,23.15,1,0,DOWN,,0.389,17,25.1
39139,17.63,1,0,DOWN,146.2,0.439,17,25.5
39192,42.81,1,0,DOWN,,0.381,17,25.0
39233,36.75,1,0,DOWN,168.8,0.433,17,25.2
39267,18.46,1,0,DOWN,,0.396,17,25.2
39340,49.79,1,0,DOWN,107.8,0.44,17,24.3
39363,18.02,1,0,DOWN,,0.449,17,24.6
39395,24.14,1,0,DOWN,144.0,0.526,17,24.8
39426,22.32,1,0,DOWN,,0.53,17,25.1
39468,34.85,1,0,DOWN,179.0,0.495,17,24.8
39517,42.01,1,0,DOWN,,0.496,17,24.4
39562,35.33,1,0,DOWN,,0.448,17,24.0
39599,29.6,1,0,DOWN,169.1,0.451,17,23.8
39626,20.75,1,0,DOWN,,0.488,17,24.1
39699,62.6,1,0,DOWN,,0.463,17,22.6
39725,17.81,1,0,DOWN,175.3,0.491,17,23.0
39781,46.63,1,0,DOWN,,0.449,17,23.3
39810,26.03,1,0,DOWN,168.1,0.447,17,23.3
39899,79.83,1,0,DOWN,,0.431,17,23.0
39933,24.51,1,0,DOWN,167.8,0.482,17,23.0
39970,19.65,1,0,DOWN,,0.311,17,23.3
39999,23.04,1,0,DOWN,,0.347,17,23.4
40024,19.48,1,0,DOWN,,0.377,17,24.4
40064,30.31,1,0,DOWN,,0.448,17,24.4
40092,23.27,1,0,DOWN,161.6,0.475,17,24.5
40147,43.64,1,0,DOWN,,0.441,17,24.1
40215,48.85,1,0,DOWN,70.7,0.469,17,23.4
40251,31.63,1,0,DOWN,179.8,0.438,17,23.4
40291,24.19,1,0,DOWN,,0.38,17,24.2
40336,37.92,1,0,DOWN,,0.46,17,24.1
40360,20.48,1,0,DOWN,175.0,0.501,17,24.1
40392,25.54,1,0,DOWN,153.3,0.506,17,24.1
40424,22.57,1,0,DOWN,164.3,0.521,17,24.0
40450,20.64,1,0,DOWN,59.8,0.441,17,24.5
40503,40.51,1,0,DOWN,,0.451,17,24.3
40533,24.5,1,0,DOWN,172.4,0.535,17,24.7
40559,20.86,1,0,DOWN,,0.451,17,25.1
40601,34.66,1,0,DOWN,,0.284,17,24.6
40633,26.85,1,0,DOWN,155.9,0.346,17,25.7
40675,36.63,1,0,DOWN,,0.276,17,25.6
40711,25.26,1,0,DOWN,,0.296,17,25.4
40743,23.63,1,0,DOWN,,0.332,17,26.0
40769,18.09,1,0,DOWN,,0.242,17,26.3
40814,36.1,1,0,DOWN,,0.36,17,27.3
40866,41.09,1,0,DOWN,,0.374,17,26.9
40920,45.56,1,0,DOWN,171.1,0.436,17,26.3
40958,26.49,1,0,DOWN,,0.376,17,26.3
40980,15.36,1,0,DOWN,,0.317,17,26.5
41012,24.42,1,0,DOWN,,0.366,17,26.3
41034,18.04,1,0,DOWN,,0.269,17,26.8
41083,42.5,1,0,DOWN,,0.345,17,26.2
41133,41.63,1,0,DOWN,,0.233,17,26.4
41177,22.02,1,0,DOWN,173.5,0.35,17,27.0
41207,24.25,1,0,DOWN,,0.256,17,27.2
41249,31.27,1,0,DOWN,,0.351,17,27.1
41275,22.51,1,0,DOWN,,0.41,17,27.4
41345,49.8,1,0,DOWN,173.9,0.455,17,26.4
41393,38.05,1,0,DOWN,176.5,0.529,17,25.8
41505,95.05,1,0,DOWN,171.5,0.491,17,23.7
41562,34.24,1,0,DOWN,,0.342,17,22.9
41599,29.37,1,0,DOWN,,0.367,17,23.0
41632,22.97,1,0,DOWN,173.0,0.458,17,23.0
41681,41.36,1,0,DOWN,,0.387,17,22.7
41768,65.34,1,0,DOWN,,0.27,17,21.0
41799,20.0,1,0,DOWN,,0.341,17,21.3
41834,28.3,1,0,DOWN,,0.329,17,21.7
41892,18.83,1,0,DOWN,,0.375,17,21.6
41926,26.19,1,0,DOWN,,0.346,17,21.7
41951,21.21,1,0,DOWN,,0.384,17,22.2
41984,20.2,1,0,DOWN,,0.214,17,21.6
42015,21.36,1,0,DOWN,,0.076,17,21.4
42059,33.34,1,0,DOWN,,0.217,17,21.5
42101,28.95,1,0,DOWN,118.9,0.39,17,21.7
42159,51.75,1,0,DOWN,,0.462,17,21.4
42200,30.57,1,0,DOWN,,0.448,17,21.1
42233,25.69,1,0,DOWN,,0.328,17,21.3
42257,19.0,1,0,DOWN,,0.231,17,21.4
42288,24.21,1,0,DOWN,,0.302,17,22.3
42328,25.21,1,0,DOWN,,0.299,17,22.4
42384,47.47,1,0,DOWN,,0.363,17,22.2
42408,16.48,1,0,DOWN,,0.401,17,24.3
42469,52.41,1,0,DOWN,,0.474,17,23.8
42495,21.86,1,0,DOWN,,0.395,17,24.2
42527,25.09,1,0,DOWN,,0.448,17,24.9
42595,60.62,1,0,DOWN,,0.387,17,24.1
42619,17.86,1,0,DOWN,,0.509,17,24.3
42682,49.79,1,0,DOWN,,0.276,17,25.2
42712,18.81,1,0,DOWN,,0.413,17,25.4
42738,18.75,1,0,DOWN,,0.497,17,25.8
42796,52.15,1,0,DOWN,,0.33,17,25.1
42826,22.3,1,0,DOWN,,0.488,17,25.2
42877,26.82,1,0,DOWN,,0.378,17,25.4
42911,19.68,1,0,DOWN,,0.477,17,25.4
42936,19.0,1,0,DOWN,,0.447,17,25.4
42966,23.48,1,0,DOWN,154.2,0.498,17,25.5
43019,46.54,1,0,DOWN,,0.416,17,25.0
43050,18.22,1,0,DOWN,,0.293,17,25.2
43084,24.7,1,0,DOWN,,0.279,17,25.4
43116,23.35,1,0,DOWN,,0.366,17,26.1
43149,23.8,1,0,DOWN,,0.285,17,26.3
43211,56.36,1,0,DOWN,,0.361,17,25.6
43334,105.95,1,0,DOWN,133.6,0.479,17,23.2
43513,30.36,1,0,DOWN,,0.429,17,19.3
43556,27.27,1,0,DOWN,176.3,0.51,17,19.8
43596,28.58,1,0,DOWN,,0.382,17,20.0
43634,25.92,1,0,DOWN,,0.419,17,20.0
43664,20.74,1,0,DOWN,111.2,0.442,17,20.4
43704,33.57,1,0,DOWN,,0.444,17,20.2
43748,21.8,1,0,DOWN,,0.502,17,19.9
43775,17.09,1,0,DOWN,,0.495,17,20.4
43809,24.7,1,0,DOWN,102.9,0.471,17,20.3
43839,24.22,1,0,DOWN,,0.505,17,20.8
43879,32.1,1,0,DOWN,,0.463,17,20.7
43935,37.22,1,0,DOWN,,0.428,17,20.0
43959,17.43,1,0,DOWN,,0.361,17,20.1
44023,60.56,1,0,DOWN,168.9,0.45,17,19.5
44060,26.32,1,0,DOWN,,0.394,17,19.5
44100,28.36,1,0,DOWN,,0.364,17,19.3
44125,18.07,1,0,DOWN,,0.393,17,19.5
44171,33.55,1,0,DOWN,,0.492,17,19.8
44228,31.93,1,0,DOWN,,0.411,17,21.2
44268,24.46,1,0,DOWN,,0.348,17,21.4
44297,19.9,1,0,DOWN,,0.258,17,21.8
44330,22.36,1,0,DOWN,,0.163,17,22.1
44366,28.74,1,0,DOWN,,0.049,17,25.8
44431,45.55,1,0,DOWN,,0.261,17,25.1
44515,71.21,1,0,DOWN,,0.246,17,24.0
44556,33.88,1,0,DOWN,171.5,0.305,17,23.9
44584,19.93,1,0,DOWN,,0.233,17,24.3
44627,25.33,1,0,DOWN,,0.362,17,24.2
44653,19.47,1,0,DOWN,179.1,0.452,17,24.2
44722,56.28,1,0,DOWN,166.1,0.579,17,23.6
44748,15.9,1,0,DOWN,,0.372,17,24.0
44779,19.68,1,0,DOWN,,0.442,17,23.7
44861,25.3,1,0,DOWN,,0.344,17,22.4
44891,25.95,1,0,DOWN,,0.36,17,23.0
44961,60.13,1,0,DOWN,158.2,0.37,17,22.4
44985,17.54,1,0,DOWN,,0.484,17,22.9
45030,23.87,1,0,DOWN,,0.449,17,22.7
45061,22.9,1,0,DOWN,,0.403,17,22.9
45121,52.7,1,0,DOWN,112.0,0.586,17,22.1
45160,27.39,1,0,DOWN,,0.427,17,22.2
45190,23.64,1,0,DOWN,23.6,0.525,17,22.9
45244,40.42,1,1,UP,26.1,0.347,17,22.5
45279,26.95,1,1,UP,,0.328,17,22.4
45312,26.39,1,1,UP,118.2,0.498,17,22.4
45349,21.52,1,1,UP,,0.306,17,22.4
45382,23.91,1,1,UP,,0.357,17,23.1
45425,30.43,1,1,UP,,0.313,17,23.1
45458,26.6,1,1,UP,,0.383,17,24.4
45516,43.0,1,1,UP,,0.295,17,24.0
45592,63.28,1,1,UP,,0.223,17,22.8
45627,28.25,1,1,UP,,0.241,17,23.0
45666,34.08,1,1,UP,128.9,0.415,17,23.3
45699,27.56,1,1,UP,,0.368,17,23.5
45724,17.86,1,1,UP,,0.394,17,23.6
45779,47.43,1,1,UP,,0.394,17,23.0
45812,26.64,1,1,UP,,0.445,17,24.2
45842,23.51,1,1,UP,48.9,0.442,17,24.5
45874,21.98,1,1,UP,,0.414,17,24.4
45902,20.22,1,1,UP,,0.307,17,25.5
45928,18.62,1,1,UP,147.9,0.359,17,25.9
45952,18.04,1,1,UP,,0.423,17,26.2
46003,40.15,1,1,UP,154.0,0.515,17,25.7
46081,59.36,1,1,DOWN,164.3,0.469,17,25.0
46138,51.83,1,1,DOWN,152.2,0.557,17,24.6
46170,27.33,1,1,DOWN,,0.453,17,24.5
46285,103.55,1,1,DOWN,,0.342,17,22.6
46317,24.09,1,1,DOWN,,0.482,17,22.7
46344,17.46,1,1,DOWN,,0.37,17,23.1
46370,20.05,1,1,DOWN,,0.446,17,23.3
46448,56.52,1,1,DOWN,,0.426,17,22.2
46499,29.18,1,1,DOWN,,0.441,17,22.4
46551,41.05,1,1,DOWN,,0.341,17,22.9
46582,17.6,1,1,DOWN,,0.356,17,23.2
46614,22.6,1,1,DOWN,,0.234,17,23.3
46639,19.43,1,1,DOWN,,0.088,17,23.6
46692,35.08,1,1,DOWN,,0.231,17,23.2
46718,18.57,1,1,DOWN,,0.375,17,23.2
46764,31.67,1,1,DOWN,,0.413,17,23.4
46791,18.17,1,1,DOWN,169.9,0.509,17,23.5
46846,44.59,1,1,DOWN,,0.465,17,22.6
46880,25.93,1,1,DOWN,172.4,0.481,17,22.5
46920,23.56,1,1,DOWN,,0.414,17,22.2
46951,16.65,1,1,DOWN,98.4,0.472,17,22.0
47018,40.77,1,1,DOWN,,0.523,17,22.4
47075,39.92,1,1,DOWN,,0.449,17,22.1
47143,32.09,1,1,DOWN,,0.362,17,21.6
47198,49.24,1,1,DOWN,164.9,0.397,17,23.0
47244,25.47,1,1,DOWN,,0.353,17,22.9
47268,18.82,1,1,DOWN,163.6,0.395,17,23.4
47294,19.88,1,1,DOWN,156.4,0.454,17,23.5
47324,26.16,1,1,DOWN,132.4,0.515,17,23.5
47397,64.5,1,1,DOWN,,0.41,17,23.2
47433,25.38,1,1,DOWN,,0.441,17,23.4
47464,23.36,1,1,DOWN,,0.373,17,23.8
47492,16.24,1,1,DOWN,179.0,0.368,17,24.2
47521,21.87,1,1,DOWN,,0.352,17,24.7
47549,21.78,1,1,DOWN,,0.368,17,25.1
47587,28.83,1,1,DOWN,,0.421,17,24.7
47661,68.4,1,1,DOWN,,0.211,17,23.7
47695,23.19,1,1,DOWN,,0.143,17,23.5
47731,28.51,1,1,DOWN,,0.105,17,23.8
47763,19.61,1,1,DOWN,,0.069,17,24.0
47795,23.62,1,1,DOWN,,0.129,17,24.2
47833,25.13,1,1,DOWN,,0.132,17,24.3
47898,50.03,1,1,DOWN,,0.102,17,23.5
47980,71.64,1,1,DOWN,,0.102,17,22.9
48003,17.01,1,1,DOWN,,0.063,17,23.4
48068,53.22,1,1,DOWN,,0.176,17,23.2
48099,17.26,1,1,DOWN,,0.114,17,24.1
48135,27.77,1,1,DOWN,,0.102,17,24.2
48167,17.71,1,1,DOWN,,0.121,17,24.7
48213,33.81,1,1,DOWN,,0.147,17,24.8
48248,28.49,1,1,DOWN,,0.128,17,24.5
48303,43.28,1,1,DOWN,,0.132,17,23.5
48349,32.35,1,1,DOWN,,0.102,17,24.2
48383,27.4,1,1,DOWN,,0.055,17,24.3
48415,20.87,1,1,DOWN,,0.12,17,24.4
48451,24.58,1,1,DOWN,,0.199,17,24.3
48478,19.51,1,1,DOWN,,0.064,17,24.3
48565,54.94,1,1,DOWN,,0.218,17,22.5
48601,24.61,1,1,DOWN,,0.176,17,23.4
48625,17.41,1,1,DOWN,,0.04,17,23.9
48651,19.48,1,1,DOWN,,0.236,17,24.2
48701,35.95,1,1,DOWN,,0.169,17,23.7
48727,17.57,1,1,DOWN,,0.06,17,24.1
48755,22.54,1,1,DOWN,,0.221,17,24.2
48784,24.05,1,1,DOWN,,0.212,17,24.3
48815,24.14,1,1,DOWN,,0.105,17,24.4
48847,17.99,1,1,DOWN,,0.028,17,25.3
48880,21.1,1,1,DOWN,,0.241,17,25.5
48928,31.43,1,1,DOWN,,0.137,17,26.4
48964,29.07,1,1,DOWN,,0.08,17,26.4
49009,37.84,1,1,DOWN,,0.24,17,26.6
49048,23.92,1,1,DOWN,,0.155,17,26.5
49087,29.86,1,1,DOWN,,0.034,17,26.3
49117,16.92,1,1,DOWN,,0.239,17,26.5
49191,48.13,1,1,DOWN,,0.136,17,25.6
49212,17.05,1,1,DOWN,,0.118,17,26.1
49306,63.91,1,1,DOWN,,0.026,17,25.1
49328,17.54,1,1,DOWN,,0.319,17,25.6
49357,22.7,1,1,DOWN,,0.197,17,25.7
49398,26.98,1,1,DOWN,,0.06,17,25.4
49448,45.58,1,1,DOWN,,0.264,17,25.1
49500,40.93,1,1,DOWN,,0.152,17,25.7
49575,49.95,1,1,DOWN,,0.108,17,24.6
49616,31.02,1,1,DOWN,,0.123,17,24.2
49651,26.96,1,1,DOWN,,0.06,17,24.0
49682,24.72,1,1,DOWN,,0.276,17,24.5
49719,31.09,1,1,DOWN,,0.166,17,24.2
49749,23.84,1,1,DOWN,,0.13,17,24.1
49772,20.47,1,1,DOWN,,0.181,17,24.3
49850,65.36,1,1,DOWN,,0.057,17,22.7
49881,25.78,1,1,DOWN,,0.266,17,23.1
49910,21.69,1,1,DOWN,,0.225,17,23.4
49946,25.34,1,1,DOWN,,0.136,17,23.4
50000,40.86,1,1,DOWN,,0.147,17,23.2
50046,35.4,1,1,DOWN,,0.11,17,23.0
50082,23.25,1,1,DOWN,,0.052,17,23.1
50115,26.76,1,1,DOWN,,0.241,17,23.0
50149,23.7,1,1,DOWN,,0.169,17,24.0
50176,19.89,1,1,DOWN,,0.087,17,24.4
50208,23.83,1,1,DOWN,,0.192,17,24.1
50248,29.71,1,1,DOWN,,0.19,17,25.5
50282,26.81,1,1,DOWN,,0.053,17,25.6
50311,18.57,1,1,DOWN,,0.239,17,25.4
50343,21.29,1,1,DOWN,,0.171,17,25.4
50399,46.4,1,1,DOWN,,0.154,17,25.2
50455,43.3,1,1,DOWN,,0.035,17,25.1
50484,22.48,1,1,DOWN,,0.157,17,25.4
50507,18.88,1,1,DOWN,,0.149,17,26.8
50583,45.17,1,1,DOWN,,0.081,17,25.9
50608,18.11,1,1,DOWN,,0.035,17,26.2
50646,30.8,1,1,DOWN,,0.207,17,26.1
50679,26.45,1,1,DOWN,,0.162,17,26.1
50707,20.64,1,1,DOWN,,0.167,17,26.3
50782,64.96,1,1,DOWN,,0.037,17,25.8
50804,15.9,1,1,DOWN,,0.144,17,26.2
50833,21.82,1,1,DOWN,,0.185,17,26.4
50856,18.02,1,1,DOWN,,0.06,17,26.7
50889,23.08,1,1,DOWN,,0.153,17,26.6
50932,26.35,1,1,DOWN,,0.208,17,26.4
50991,50.88,1,1,DOWN,,0.142,17,26.2
51032,27.09,1,1,DOWN,,0.119,17,26.4
51077,35.39,1,1,DOWN,,0.127,17,26.1